{"cameraMode":{"drawMode":0,"name":"Shaded","section":"Shading Mode"},"sceneLighting":false,"audioPlay":false,"sceneViewState":{"m_AlwaysRefresh":false,"showFog":true,"showSkybox":false,"showFlares":true,"showImageEffects":true,"showParticleSystems":true,"showVisualEffectGraphs":true,"m_FxEnabled":true},"in2DMode":false,"pivot":{"x":-0.20499999821186067,"y":0.045218322426080707,"z":-3.725290298461914e-8},"rotation":{"x":-0.14339527487754823,"y":0.6667611598968506,"z":-0.13294833898544312,"w":-0.719176173210144},"size":0.441417932510376,"orthographic":false}