{"cameraMode":{"drawMode":0,"name":"Shaded","section":"Shading Mode"},"sceneLighting":false,"audioPlay":false,"sceneViewState":{"m_AlwaysRefresh":false,"showFog":true,"showSkybox":false,"showFlares":true,"showImageEffects":true,"showParticleSystems":true,"showVisualEffectGraphs":true,"m_FxEnabled":true},"in2DMode":false,"pivot":{"x":-0.10144302248954773,"y":-0.027007490396499635,"z":-0.11958450078964234},"rotation":{"x":-0.28583839535713198,"y":0.21720007061958314,"z":-0.0666864737868309,"w":-0.9309581518173218},"size":0.7256587147712708,"orthographic":false}