{"cameraMode":{"drawMode":0,"name":"Shaded","section":"Shading Mode"},"sceneLighting":false,"audioPlay":false,"sceneViewState":{"m_AlwaysRefresh":false,"showFog":true,"showSkybox":false,"showFlares":true,"showImageEffects":true,"showParticleSystems":true,"showVisualEffectGraphs":true,"m_FxEnabled":true},"in2DMode":false,"pivot":{"x":0.04897394776344299,"y":0.3114588260650635,"z":5.153491973876953},"rotation":{"x":-0.24719811975955964,"y":0.18155348300933839,"z":-0.04720791429281235,"w":-0.9506378173828125},"size":3.2713799476623537,"orthographic":false}